title,date,url
Guerre au Moyen-Orient : Trump menace à nouveau l’Iran mais estime avoir de « bonne chances » d’arriver à un accord,,https://www.lesechos.fr/monde/afrique-moyen-orient/direct-guerre-au-moyen-orient-trump-iran-ormuz-liban-suivez-les-principales-informations-du-dimanche-5-avril-2224845
"« Nous sommes otages d'une guerre qui n'est pas la nôtre » : au Liban, un dimanche de Pâques sous tension",,https://www.lesechos.fr/monde/afrique-moyen-orient/nous-sommes-otages-dune-guerre-qui-nest-pas-la-notre-au-liban-un-dimanche-de-paques-sous-tension-2224870
Les banques centrales du monde entier se délestent de leurs obligations d'Etat américainesPremium,,https://www.lesechos.fr/finance-marches/marches-financiers/les-banques-centrales-du-monde-entier-se-delestent-de-leurs-obligations-detat-americaines-2224859
"Le retour de l'inflation, une menace à double détente pour les finances sociales",,https://www.lesechos.fr/economie-france/social/le-retour-de-linflation-une-menace-a-double-detente-pour-les-finances-sociales-2224848
"ManoMano, Mirakl, Vestiaire Collective… le grand chambardement à la tête des licornes de la French Tech",,https://www.lesechos.fr/start-up/next40-vivatech/manomano-mirakl-vestiaire-collective-le-grand-chambardement-a-la-tete-des-licornes-de-la-french-tech-2224535
"« Elle est faite pour être numéro 1 » : Marguerite Bérard, première française à la tête d'une banque européennePremium",,https://www.lesechos.fr/weekend/business-story/elle-est-faite-pour-etre-numero-1-marguerite-berard-premiere-francaise-a-la-tete-dune-banque-europeenne-2224401
« Les investisseurs demandent une nouvelle dynamique d'exécution » : les défis d'Alstom au moment de tourner la page Poupart-LafargePremium,,https://www.lesechos.fr/industrie-services/tourisme-transport/les-investisseurs-demandent-une-nouvelle-dynamique-dexecution-les-defis-dalstom-au-moment-de-tourner-la-page-poupart-lafarge-2224122
"« Ça n'a fait que descendre, encore et encore » : pourquoi la bulle des NFT a explosé",,https://www.lesechos.fr/finance-marches/marches-financiers/ca-na-fait-que-descendre-encore-et-encore-pourquoi-la-bulle-des-nft-a-explose-2223618
Les leçons du chef d'état-major de la marine française sur l'Ukraine et l'IranPremium,,https://www.lesechos.fr/industrie-services/air-defense/a-chaque-fois-le-conflit-a-terre-ne-se-suffit-pas-a-lui-meme-et-deborde-en-mer-les-lecons-du-chef-detat-major-de-la-marine-francaise-sur-lukraine-et-liran-2223302
« Nous n'avions pas prévu une guerre de cette ampleur » : ces 25 jours de conflit qui ont changé le visage de Dubaï,,https://www.lesechos.fr/monde/afrique-moyen-orient/nous-navions-pas-prevu-une-guerre-de-cette-ampleur-ces-25-jours-de-conflit-qui-ont-change-le-visage-de-dubai-2222973
Les salariés pourront bientôt utiliser leurs titres-restaurant le dimanche,,https://www.lesechos.fr/industrie-services/conso-distribution/les-salaries-pourront-bientot-utiliser-leurs-titres-restaurant-le-dimanche-2224847
"De Washington à Francfort, les régulateurs de plus en plus préoccupés par la « boîte noire » du crédit privéPremium",,https://www.lesechos.fr/finance-marches/banque-assurances/de-washington-a-francfort-les-regulateurs-de-plus-en-plus-preoccupes-par-la-boite-noire-du-credit-prive-2224852
"« C'est la secte du temple solaire où on verrouille tout » : la présidentielle en ligne de mire, LR étale ses divisions",,https://www.lesechos.fr/politique-societe/politique/cest-la-secte-du-temple-solaire-ou-on-verrouille-tout-la-presidentielle-en-ligne-de-mire-lr-etale-ses-divisions-2224850
"Elections hongroises, Moody's, Artemis… L'agenda de la semaine prochaine",,https://www.lesechos.fr/travailler-mieux/vie-au-travail/elections-hongroises-moodys-artemis-les-rendez-vous-a-ne-pas-manquer-la-semaine-du-6-avril-2224867
Les Français épargnent-ils vraiment si mal ?,,https://www.lesechos.fr/patrimoine/placement/video-les-francais-epargnent-ils-vraiment-si-mal-2222330
Moyen-Orient : les intérêts chinois en danger,,https://www.lesechos.fr/monde/afrique-moyen-orient/video-moyen-orient-les-interets-chinois-en-danger-2221976
Shimano : pourquoi cette entreprise familiale japonaise est devenue l'empereur du vélo à la place des pionniers français,,https://www.lesechos.fr/industrie-services/tourisme-transport/video-shimano-pourquoi-2-velos-sur-3-dependent-de-cette-entreprise-japonaise-2221511
Pourquoi y a-t-il autant de ronds-points en France ?,,https://www.lesechos.fr/politique-societe/societe/video-pourquoi-y-a-t-il-autant-de-ronds-points-en-france-2220994
« Je n'ai jamais vu ça » : le carnet de commandes de ce fabricant de bunkers ne désemplit pas,,https://www.lesechos.fr/monde/enjeux-internationaux/video-je-nai-jamais-vu-ca-le-carnet-de-commandes-de-ce-fabricant-de-bunkers-ne-desemplit-pas-2220935
"Des cargos Lidl, l'idée folle du discounter allemand",,https://www.lesechos.fr/industrie-services/tourisme-transport/video-des-cargos-lidl-lidee-folle-du-discounter-allemand-2220767
"En Roumanie, ce projet gazier stratégique sous la menace russe",,https://www.lesechos.fr/monde/europe/en-roumanie-ce-projet-gazier-strategique-sous-la-menace-russe-2224861
« Je cumulais des dettes » : comment Cordula est sortie de la spirale de l'endettement,,https://www.lesechos.fr/patrimoine/mon-budget/mon-cas-etait-complique-car-je-cumulais-des-dettes-personnelles-et-professionnelles-comment-cordula-est-sortie-de-la-spirale-de-lendettement-2224849
Impôt sur le revenu : découvrez le calendrier de la déclaration 2026,,https://www.lesechos.fr/patrimoine/impots/impot-sur-le-revenu-decouvrez-le-calendrier-de-la-declaration-2026-2224742
"Cuba, prochaine cible de Donald Trump ?",,https://www.lesechos.fr/monde/ameriques/cuba-prochaine-cible-de-donald-trump-2224806
Le jour où je voudrais être chinois,,https://www.lesechos.fr/idees-debats/editos-analyses/le-jour-ou-je-voudrais-etre-chinois-2224647
"Face à l'aventurisme américain en Iran, le triomphalisme embarrassé de la Chine",,https://www.lesechos.fr/idees-debats/editos-analyses/face-a-laventurisme-americain-en-iran-le-triomphalisme-embarrasse-de-la-chine-2224730
